symbol,vendor_keys,n_series
A,databento-xnas;databento-xnys,2
AA,databento-xnas;databento-xnys,2
AAL,databento-xnas,1
AAOI,databento-xnas,1
AAON,databento-xnas,1
AAP,databento-xnys,1
AAPL,databento-xnas,1
AAWW,databento-xnas,1
ABBV,databento-xnas;databento-xnys,2
ABC,databento-xnas,1
ABCL,databento-xnas,1
ABCM,databento-xnas,1
ABMD,databento-xnas,1
ABNB,databento-xnas,1
ABT,databento-xnas;databento-xnys,2
ABVX,databento-xnas,1
ACA,databento-xnys,1
ACGL,databento-xnas,1
ACHR,databento-xnys,1
ACI,databento-xnys,1
ACLX,databento-xnas,1
ACM,databento-xnys,1
ACMR,databento-xnas,1
ACN,databento-xnas;databento-xnys,2
ACWI,databento-xnas,1
ADBE,databento-xnas,1
ADC,databento-xnys,1
ADI,databento-xnas,1
ADM,databento-xnas;databento-xnys,2
ADP,databento-xnas,1
ADSK,databento-xnas,1
AEE,databento-xnys,1
AEHR,databento-xnas,1
AEIS,databento-xnas,1
AEM,databento-xnas;databento-xnys,2
AEO,databento-xnys,1
AEP,databento-xnas,1
AER,databento-xnys,1
AES,databento-xnys,1
AFG,databento-xnys,1
AFL,databento-xnas;databento-xnys,2
AFRM,databento-xnas,1
AG,databento-xnys,1
AGCO,databento-xnys,1
AGG,databento-xnas,1
AGI,databento-xnas;databento-xnys,2
AGNC,databento-xnas,1
AGX,databento-xnys,1
AHR,databento-xnys,1
AIG,databento-xnys,1
AIMC,databento-xnas,1
AIT,databento-xnys,1
AIZ,databento-xnys,1
AJG,databento-xnas;databento-xnys,2
AKAM,databento-xnas,1
AKRO,databento-xnas,1
ALAB,databento-xnas,1
ALB,databento-xnas;databento-xnys,2
ALC,databento-xnas;databento-xnys,2
ALGM,databento-xnas,1
ALGN,databento-xnas,1
ALK,databento-xnys,1
ALKS,databento-xnas,1
ALL,databento-xnas;databento-xnys,2
ALLE,databento-xnys,1
ALLY,databento-xnys,1
ALM,databento-xnas,1
ALNY,databento-xnas,1
ALPN,databento-xnas,1
ALSN,databento-xnys,1
ALTR,databento-xnas,1
ALV,databento-xnys,1
AMAT,databento-xnas,1
AMBA,databento-xnas,1
AMCR,databento-xnys,1
AMD,databento-xnas,1
AMDL,databento-xnas,1
AME,databento-xnas;databento-xnys,2
AMED,databento-xnas,1
AMG,databento-xnys,1
AMGN,databento-xnas,1
AMH,databento-xnys,1
AMKR,databento-xnas,1
AMLX,databento-xnas,1
AMP,databento-xnys,1
AMR,databento-xnys,1
AMRZ,databento-xnas;databento-xnys,2
AMT,databento-xnas;databento-xnys,2
AMZN,databento-xnas,1
AN,databento-xnys,1
ANET,databento-xnas;databento-xnys,2
ANF,databento-xnas;databento-xnys,2
ANSS,databento-xnas,1
AON,databento-xnas;databento-xnys,2
AOS,databento-xnys,1
APA,databento-xnas,1
APD,databento-xnas;databento-xnys,2
APG,databento-xnys,1
APGE,databento-xnas,1
APH,databento-xnas;databento-xnys,2
APLD,databento-xnas,1
APLS,databento-xnas,1
APO,databento-xnas;databento-xnys,2
APP,databento-xnas,1
APPF,databento-xnas,1
APTV,databento-xnas;databento-xnys,2
AR,databento-xnys,1
ARE,databento-xnys,1
ARES,databento-xnas;databento-xnys,2
ARGX,databento-xnas,1
ARKG,databento-xnas,1
ARKK,databento-xnas,1
ARM,databento-xnas,1
ARMK,databento-xnys,1
AROC,databento-xnys,1
ARW,databento-xnys,1
ARWR,databento-xnas,1
AS,databento-xnas;databento-xnys,2
ASML,databento-xnas,1
ASND,databento-xnas,1
ASO,databento-xnas,1
ASST,databento-xnas,1
ASTS,databento-xnas,1
ASX,databento-xnas;databento-xnys,2
ATI,databento-xnas;databento-xnys,2
ATKR,databento-xnys,1
ATO,databento-xnys,1
ATVI,databento-xnas,1
AU,databento-xnas;databento-xnys,2
AUGO,databento-xnas,1
AUR,databento-xnas,1
AVAV,databento-xnas,1
AVDL,databento-xnas,1
AVGO,databento-xnas,1
AVLR,databento-xnas,1
AVT,databento-xnas,1
AVTR,databento-xnys,1
AVY,databento-xnys,1
AWI,databento-xnys,1
AWK,databento-xnas;databento-xnys,2
AXON,databento-xnas,1
AXP,databento-xnas;databento-xnys,2
AXSM,databento-xnas,1
AXTI,databento-xnas,1
AYI,databento-xnys,1
AZEK,databento-xnas,1
AZN,databento-xnas;databento-xnys,2
AZO,databento-xnas;databento-xnys,2
AZPN,databento-xnas,1
B,databento-xnas;databento-xnys,2
BA,databento-xnas;databento-xnys,2
BABA,databento-xnas;databento-xnys,2
BAC,databento-xnas;databento-xnys,2
BAH,databento-xnys,1
BALL,databento-xnys,1
BAM,databento-xnys,1
BAP,databento-xnys,1
BAX,databento-xnys,1
BBIO,databento-xnas,1
BBWI,databento-xnys,1
BBY,databento-xnas;databento-xnys,2
BCE,databento-xnys,1
BDX,databento-xnas;databento-xnys,2
BE,databento-xnas;databento-xnys,2
BECN,databento-xnas,1
BEKE,databento-xnys,1
BEN,databento-xnys,1
BG,databento-xnys,1
BGNE,databento-xnas,1
BHP,databento-xnas;databento-xnys,2
BIDU,databento-xnas,1
BIIB,databento-xnas,1
BIL,databento-xnas,1
BILL,databento-xnys,1
BIO,databento-xnys,1
BIRK,databento-xnys,1
BITO,databento-xnas;databento-xnys,2
BITX,databento-xnas,1
BJ,databento-xnys,1
BK,databento-xnas,1
BKD,databento-xnys,1
BKH,databento-xnys,1
BKI,databento-xnas,1
BKNG,databento-xnas,1
BKR,databento-xnas,1
BLD,databento-xnas,1
BLDR,databento-xnys,1
BLK,databento-xnas;databento-xnys,2
BMNR,databento-xnas;databento-xnys,2
BMO,databento-xnys,1
BMRN,databento-xnas,1
BMY,databento-xnas;databento-xnys,2
BN,databento-xnys,1
BND,databento-xnas,1
BNS,databento-xnas;databento-xnys,2
BNTX,databento-xnas,1
BNY,databento-xnas;databento-xnys,2
BOOT,databento-xnys,1
BOX,databento-xnys,1
BOXX,databento-xnas,1
BP,databento-xnas;databento-xnys,2
BPMC,databento-xnas,1
BPOP,databento-xnas,1
BR,databento-xnas;databento-xnys,2
BRK.A,databento-xnys,1
BRK.B,databento-xnas;databento-xnys,2
BRKR,databento-xnas,1
BRO,databento-xnys,1
BROS,databento-xnas;databento-xnys,2
BRX,databento-xnys,1
BRZE,databento-xnas,1
BSX,databento-xnas;databento-xnys,2
BSY,databento-xnas,1
BTDR,databento-xnas,1
BTI,databento-xnas;databento-xnys,2
BTSG,databento-xnas,1
BUD,databento-xnas;databento-xnys,2
BULL,databento-xnas,1
BURL,databento-xnas;databento-xnys,2
BWA,databento-xnys,1
BWXT,databento-xnys,1
BX,databento-xnas;databento-xnys,2
BXP,databento-xnys,1
BYD,databento-xnys,1
BZ,databento-xnas,1
C,databento-xnas;databento-xnys,2
CACC,databento-xnas,1
CACI,databento-xnys,1
CADE,databento-xnas,1
CAG,databento-xnys,1
CAH,databento-xnas;databento-xnys,2
CAI,databento-xnas,1
CAKE,databento-xnas,1
CALM,databento-xnas,1
CARR,databento-xnas;databento-xnys,2
CART,databento-xnas,1
CASY,databento-xnas,1
CAT,databento-xnas;databento-xnys,2
CAVA,databento-xnas;databento-xnys,2
CB,databento-xnas;databento-xnys,2
CBAY,databento-xnas,1
CBOE,databento-xnas,1
CBRE,databento-xnys,1
CBSH,databento-xnas,1
CCEP,databento-xnas,1
CCI,databento-xnas;databento-xnys,2
CCJ,databento-xnas;databento-xnys,2
CCK,databento-xnys,1
CCL,databento-xnas;databento-xnys,2
CDE,databento-xnas;databento-xnys,2
CDNS,databento-xnas,1
CDTX,databento-xnas,1
CDW,databento-xnas,1
CE,databento-xnys,1
CECO,databento-xnas,1
CEG,databento-xnas,1
CELC,databento-xnas,1
CELH,databento-xnas,1
CENX,databento-xnas,1
CERE,databento-xnas,1
CF,databento-xnas;databento-xnys,2
CFG,databento-xnys,1
CFLT,databento-xnas,1
CFR,databento-xnys,1
CG,databento-xnas,1
CGNX,databento-xnas,1
CGON,databento-xnas,1
CHD,databento-xnys,1
CHDN,databento-xnas,1
CHE,databento-xnys,1
CHEF,databento-xnas,1
CHK,databento-xnas,1
CHKP,databento-xnas,1
CHNG,databento-xnas,1
CHRD,databento-xnas,1
CHRW,databento-xnas,1
CHTR,databento-xnas,1
CHWY,databento-xnys,1
CHX,databento-xnas,1
CHYM,databento-xnas,1
CI,databento-xnas;databento-xnys,2
CIBR,databento-xnas,1
CIEN,databento-xnas;databento-xnys,2
CIFR,databento-xnas,1
CINF,databento-xnas,1
CL,databento-xnas;databento-xnys,2
CLF,databento-xnys,1
CLH,databento-xnys,1
CLMT,databento-xnas,1
CLR,databento-xnas,1
CLS,databento-xnas;databento-xnys,2
CLSK,databento-xnas,1
CLX,databento-xnas;databento-xnys,2
CM,databento-xnys,1
CMA,databento-xnas,1
CMC,databento-xnys,1
CMCSA,databento-xnas,1
CME,databento-xnas,1
CMG,databento-xnas;databento-xnys,2
CMI,databento-xnas;databento-xnys,2
CMS,databento-xnas;databento-xnys,2
CNC,databento-xnas;databento-xnys,2
CNH,databento-xnys,1
CNI,databento-xnys,1
CNK,databento-xnys,1
CNM,databento-xnys,1
CNP,databento-xnas;databento-xnys,2
CNQ,databento-xnas;databento-xnys,2
CNX,databento-xnys,1
COF,databento-xnas;databento-xnys,2
COGT,databento-xnas,1
COHR,databento-xnas;databento-xnys,2
COIN,databento-xnas,1
COKE,databento-xnas,1
COLB,databento-xnas,1
COMM,databento-xnas,1
COMP,databento-xnys,1
CONL,databento-xnas,1
COO,databento-xnas,1
COOP,databento-xnas,1
COP,databento-xnas;databento-xnys,2
COPX,databento-xnas,1
COR,databento-xnas;databento-xnys,2
CORT,databento-xnas,1
CORZ,databento-xnas,1
COST,databento-xnas,1
COUP,databento-xnas,1
CP,databento-xnas;databento-xnys,2
CPAY,databento-xnys,1
CPB,databento-xnas,1
CPNG,databento-xnas;databento-xnys,2
CPRT,databento-xnas,1
CPRX,databento-xnas,1
CPT,databento-xnys,1
CR,databento-xnys,1
CRBG,databento-xnys,1
CRCL,databento-xnas;databento-xnys,2
CRDO,databento-xnas,1
CRGY,databento-xnys,1
CRH,databento-xnas;databento-xnys,2
CRL,databento-xnas;databento-xnys,2
CRM,databento-xnas;databento-xnys,2
CRNX,databento-xnas,1
CROX,databento-xnas,1
CRS,databento-xnas;databento-xnys,2
CRSP,databento-xnas,1
CRUS,databento-xnas,1
CRWD,databento-xnas,1
CRWV,databento-xnas,1
CSCO,databento-xnas,1
CSGP,databento-xnas,1
CSL,databento-xnys,1
CSX,databento-xnas,1
CTAS,databento-xnas,1
CTRA,databento-xnas,1
CTRE,databento-xnys,1
CTSH,databento-xnas,1
CTVA,databento-xnas;databento-xnys,2
CTXS,databento-xnas,1
CUBE,databento-xnys,1
CVE,databento-xnys,1
CVLT,databento-xnas,1
CVNA,databento-xnas;databento-xnys,2
CVS,databento-xnas;databento-xnys,2
CVX,databento-xnas;databento-xnys,2
CW,databento-xnas;databento-xnys,2
CYBR,databento-xnas,1
CYTK,databento-xnas,1
CZR,databento-xnas,1
D,databento-xnas;databento-xnys,2
DAL,databento-xnas;databento-xnys,2
DAR,databento-xnys,1
DASH,databento-xnas,1
DAVE,databento-xnas,1
DAY,databento-xnas,1
DB,databento-xnys,1
DBX,databento-xnas,1
DCI,databento-xnys,1
DD,databento-xnys,1
DDOG,databento-xnas,1
DDS,databento-xnys,1
DE,databento-xnas;databento-xnys,2
DECK,databento-xnys,1
DELL,databento-xnas;databento-xnys,2
DEO,databento-xnas,1
DFS,databento-xnas,1
DG,databento-xnas;databento-xnys,2
DGX,databento-xnys,1
DHI,databento-xnas;databento-xnys,2
DHR,databento-xnas;databento-xnys,2
DIA,databento-xnas;databento-xnys,2
DINO,databento-xnas;databento-xnys,2
DIOD,databento-xnas,1
DIS,databento-xnas;databento-xnys,2
DK,databento-xnys,1
DKNG,databento-xnas,1
DKS,databento-xnas;databento-xnys,2
DLB,databento-xnys,1
DLR,databento-xnas;databento-xnys,2
DLTR,databento-xnas,1
DNTH,databento-xnas,1
DOC,databento-xnys,1
DOCN,databento-xnas;databento-xnys,2
DOCS,databento-xnas;databento-xnys,2
DOCU,databento-xnas,1
DOV,databento-xnys,1
DOW,databento-xnas;databento-xnys,2
DOX,databento-xnas,1
DPZ,databento-xnas,1
DRE,databento-xnas,1
DRI,databento-xnys,1
DT,databento-xnas;databento-xnys,2
DTE,databento-xnys,1
DTM,databento-xnys,1
DUK,databento-xnas;databento-xnys,2
DUOL,databento-xnas,1
DVA,databento-xnys,1
DVN,databento-xnas;databento-xnys,2
DWAC,databento-xnas,1
DXCM,databento-xnas,1
DY,databento-xnys,1
EA,databento-xnas,1
EAT,databento-xnas;databento-xnys,2
EBAY,databento-xnas,1
ECG,databento-xnys,1
ECL,databento-xnas;databento-xnys,2
ED,databento-xnys,1
EEM,databento-xnas;databento-xnys,2
EFA,databento-xnas,1
EFX,databento-xnys,1
EG,databento-xnys,1
EGO,databento-xnys,1
EGP,databento-xnys,1
EHC,databento-xnys,1
EIX,databento-xnas;databento-xnys,2
EL,databento-xnas;databento-xnys,2
ELAN,databento-xnys,1
ELF,databento-xnas;databento-xnys,2
ELS,databento-xnys,1
ELV,databento-xnas;databento-xnys,2
EMB,databento-xnas,1
EME,databento-xnas;databento-xnys,2
EMN,databento-xnys,1
EMR,databento-xnas;databento-xnys,2
EMXC,databento-xnas,1
ENB,databento-xnas;databento-xnys,2
ENPH,databento-xnas,1
ENS,databento-xnys,1
ENTG,databento-xnas,1
ENVA,databento-xnys,1
EOG,databento-xnas;databento-xnys,2
EPAM,databento-xnys,1
EQH,databento-xnys,1
EQIX,databento-xnas,1
EQNR,databento-xnas;databento-xnys,2
EQR,databento-xnas,1
EQT,databento-xnas;databento-xnys,2
EQX,databento-xnas,1
ERAS,databento-xnas,1
ERIE,databento-xnas,1
ES,databento-xnys,1
ESE,databento-xnys,1
ESI,databento-xnys,1
ESS,databento-xnys,1
ESTC,databento-xnas;databento-xnys,2
ET,databento-xnys,1
ETHA,databento-xnas,1
ETN,databento-xnas;databento-xnys,2
ETNB,databento-xnas,1
ETR,databento-xnys,1
ETSY,databento-xnas;databento-xnys,2
EVR,databento-xnys,1
EVRG,databento-xnas,1
EW,databento-xnas;databento-xnys,2
EWBC,databento-xnas,1
EWJ,databento-xnas,1
EWT,databento-xnas,1
EWY,databento-xnas;databento-xnys,2
EWZ,databento-xnas,1
EXAS,databento-xnas,1
EXC,databento-xnas,1
EXE,databento-xnas,1
EXEL,databento-xnas,1
EXK,databento-xnys,1
EXLS,databento-xnas,1
EXPD,databento-xnys,1
EXPE,databento-xnas,1
EXR,databento-xnys,1
F,databento-xnas;databento-xnys,2
FA,databento-xnas,1
FANG,databento-xnas,1
FAST,databento-xnas,1
FBIN,databento-xnys,1
FBRX,databento-xnas,1
FBTC,databento-xnas,1
FCEL,databento-xnas,1
FCFS,databento-xnas,1
FCNCA,databento-xnas,1
FCX,databento-xnas;databento-xnys,2
FDS,databento-xnys,1
FDX,databento-xnas;databento-xnys,2
FE,databento-xnys,1
FER,databento-xnas,1
FERG,databento-xnas;databento-xnys,2
FFIV,databento-xnas,1
FHN,databento-xnys,1
FI,databento-xnas,1
FICO,databento-xnas;databento-xnys,2
FIG,databento-xnas;databento-xnys,2
FIS,databento-xnas;databento-xnys,2
FISV,databento-xnas,1
FITB,databento-xnas;databento-xnys,2
FIVE,databento-xnas,1
FIVN,databento-xnas,1
FIX,databento-xnas;databento-xnys,2
FLEX,databento-xnas,1
FLNC,databento-xnas,1
FLR,databento-xnys,1
FLS,databento-xnys,1
FLT,databento-xnas,1
FLUT,databento-xnas;databento-xnys,2
FLY,databento-xnas,1
FN,databento-xnas;databento-xnys,2
FNB,databento-xnys,1
FND,databento-xnys,1
FNF,databento-xnys,1
FNV,databento-xnas;databento-xnys,2
FORM,databento-xnas,1
FOUR,databento-xnys,1
FOX,databento-xnas,1
FOXA,databento-xnas,1
FRC,databento-xnas,1
FRO,databento-xnys,1
FROG,databento-xnas,1
FRPT,databento-xnas,1
FRSH,databento-xnas,1
FRT,databento-xnys,1
FSLR,databento-xnas,1
FSLY,databento-xnas,1
FTAI,databento-xnas,1
FTI,databento-xnys,1
FTNT,databento-xnas,1
FTV,databento-xnys,1
FUTU,databento-xnas,1
FWONK,databento-xnas,1
FXI,databento-xnas,1
FYBR,databento-xnas,1
G,databento-xnys,1
GAP,databento-xnys,1
GBT,databento-xnas,1
GD,databento-xnas;databento-xnys,2
GDDY,databento-xnys,1
GDX,databento-xnas;databento-xnys,2
GDXJ,databento-xnas,1
GE,databento-xnas;databento-xnys,2
GEHC,databento-xnas,1
GEN,databento-xnas,1
GEV,databento-xnas;databento-xnys,2
GFI,databento-xnas;databento-xnys,2
GFS,databento-xnas,1
GGG,databento-xnys,1
GGLL,databento-xnas,1
GH,databento-xnas,1
GILD,databento-xnas,1
GIS,databento-xnas;databento-xnys,2
GKOS,databento-xnys,1
GL,databento-xnys,1
GLD,databento-xnas;databento-xnys,2
GLDM,databento-xnas,1
GLNG,databento-xnas,1
GLPI,databento-xnas,1
GLW,databento-xnas;databento-xnys,2
GLXY,databento-xnas,1
GM,databento-xnas;databento-xnys,2
GMAB,databento-xnas,1
GME,databento-xnys,1
GMED,databento-xnys,1
GNRC,databento-xnas;databento-xnys,2
GNTX,databento-xnas,1
GOOG,databento-xnas,1
GOOGL,databento-xnas,1
GPC,databento-xnys,1
GPN,databento-xnys,1
GRAB,databento-xnas,1
GRMN,databento-xnys,1
GS,databento-xnas;databento-xnys,2
GSK,databento-xnas;databento-xnys,2
GTLB,databento-xnas,1
GTLS,databento-xnas,1
GTX,databento-xnas,1
GVA,databento-xnys,1
GWRE,databento-xnys,1
GWW,databento-xnas;databento-xnys,2
H,databento-xnys,1
HAE,databento-xnys,1
HAL,databento-xnas;databento-xnys,2
HALO,databento-xnas,1
HAS,databento-xnas,1
HBAN,databento-xnas,1
HBM,databento-xnys,1
HCA,databento-xnas;databento-xnys,2
HCC,databento-xnys,1
HCP,databento-xnas,1
HD,databento-xnas;databento-xnys,2
HDB,databento-xnys,1
HEI,databento-xnys,1
HEI.A,databento-xnys,1
HES,databento-xnas,1
HIG,databento-xnys,1
HII,databento-xnys,1
HIMS,databento-xnas;databento-xnys,2
HL,databento-xnas;databento-xnys,2
HLI,databento-xnys,1
HLNE,databento-xnas,1
HLT,databento-xnas;databento-xnys,2
HMY,databento-xnys,1
HNGE,databento-xnys,1
HOG,databento-xnys,1
HOLX,databento-xnas,1
HON,databento-xnas,1
HOOD,databento-xnas,1
HPE,databento-xnas;databento-xnys,2
HPQ,databento-xnas;databento-xnys,2
HQY,databento-xnas,1
HR,databento-xnys,1
HRB,databento-xnys,1
HRL,databento-xnys,1
HSBC,databento-xnas;databento-xnys,2
HSIC,databento-xnas,1
HST,databento-xnas,1
HSY,databento-xnys,1
HTFL,databento-xnas,1
HTHT,databento-xnas,1
HTZ,databento-xnas,1
HUBB,databento-xnys,1
HUBS,databento-xnas;databento-xnys,2
HUM,databento-xnas;databento-xnys,2
HUT,databento-xnas,1
HWC,databento-xnas,1
HWM,databento-xnas;databento-xnys,2
HXL,databento-xnys,1
HYG,databento-xnas;databento-xnys,2
HZNP,databento-xnas,1
IAA,databento-xnas,1
IAG,databento-xnys,1
IAU,databento-xnas,1
IBB,databento-xnas,1
IBIT,databento-xnas,1
IBKR,databento-xnas,1
IBM,databento-xnas;databento-xnys,2
IBN,databento-xnys,1
IBP,databento-xnys,1
ICE,databento-xnas;databento-xnys,2
ICLR,databento-xnas,1
IDA,databento-xnys,1
IDCC,databento-xnas,1
IDXX,databento-xnas,1
IEF,databento-xnas,1
IEFA,databento-xnas,1
IEI,databento-xnas,1
IEMG,databento-xnas,1
IESC,databento-xnas,1
IEX,databento-xnys,1
IFF,databento-xnys,1
IGV,databento-xnas,1
IJH,databento-xnas,1
IJR,databento-xnas,1
ILMN,databento-xnas,1
IMGN,databento-xnas,1
INCY,databento-xnas,1
INDA,databento-xnas,1
INDV,databento-xnas,1
INFY,databento-xnys,1
INGR,databento-xnys,1
INOD,databento-xnas,1
INSM,databento-xnas,1
INTC,databento-xnas,1
INTU,databento-xnas,1
INVH,databento-xnys,1
IONQ,databento-xnas;databento-xnys,2
IONS,databento-xnas,1
IOT,databento-xnas;databento-xnys,2
IOVA,databento-xnas,1
IP,databento-xnys,1
IPG,databento-xnas,1
IQV,databento-xnas;databento-xnys,2
IR,databento-xnas;databento-xnys,2
IREN,databento-xnas,1
IRM,databento-xnys,1
IRTC,databento-xnas,1
ISEE,databento-xnas,1
ISRG,databento-xnas,1
IT,databento-xnas;databento-xnys,2
ITB,databento-xnas,1
ITCI,databento-xnas,1
ITGR,databento-xnys,1
ITT,databento-xnys,1
ITUB,databento-xnys,1
ITW,databento-xnys,1
IVV,databento-xnas;databento-xnys,2
IVZ,databento-xnys,1
IWD,databento-xnas,1
IWF,databento-xnas,1
IWM,databento-xnas;databento-xnys,2
IYR,databento-xnas,1
J,databento-xnys,1
JAZZ,databento-xnas,1
JBHT,databento-xnas,1
JBL,databento-xnas;databento-xnys,2
JBLU,databento-xnas,1
JBS,databento-xnys,1
JBTM,databento-xnys,1
JCI,databento-xnas;databento-xnys,2
JD,databento-xnas,1
JEF,databento-xnys,1
JEPQ,databento-xnas,1
JHX,databento-xnas;databento-xnys,2
JKHY,databento-xnas,1
JLL,databento-xnys,1
JNJ,databento-xnas;databento-xnys,2
JNK,databento-xnas,1
JOBY,databento-xnys,1
JPM,databento-xnas;databento-xnys,2
JXN,databento-xnys,1
K,databento-xnas,1
KBWB,databento-xnas,1
KDNY,databento-xnas,1
KDP,databento-xnas,1
KEX,databento-xnys,1
KEY,databento-xnys,1
KEYS,databento-xnas;databento-xnys,2
KGC,databento-xnas;databento-xnys,2
KGS,databento-xnys,1
KHC,databento-xnas,1
KIM,databento-xnys,1
KKR,databento-xnas;databento-xnys,2
KLAC,databento-xnas,1
KLIC,databento-xnas,1
KMB,databento-xnas,1
KMI,databento-xnas;databento-xnys,2
KMX,databento-xnys,1
KNSL,databento-xnys,1
KNX,databento-xnys,1
KO,databento-xnas;databento-xnys,2
KORU,databento-xnas,1
KR,databento-xnas;databento-xnys,2
KRE,databento-xnas;databento-xnys,2
KRG,databento-xnys,1
KRMN,databento-xnys,1
KRTX,databento-xnas,1
KRYS,databento-xnas,1
KSS,databento-xnys,1
KTB,databento-xnys,1
KTOS,databento-xnas,1
KVUE,databento-xnas;databento-xnys,2
KVYO,databento-xnys,1
KWEB,databento-xnas,1
KYMR,databento-xnas,1
L,databento-xnys,1
LAD,databento-xnys,1
LAMR,databento-xnas,1
LASR,databento-xnas,1
LAZ,databento-xnys,1
LBRDK,databento-xnas,1
LBRT,databento-xnys,1
LDOS,databento-xnys,1
LEA,databento-xnys,1
LECO,databento-xnas,1
LEN,databento-xnys,1
LEU,databento-xnys,1
LFUS,databento-xnas,1
LH,databento-xnys,1
LHCG,databento-xnas,1
LHX,databento-xnas;databento-xnys,2
LII,databento-xnys,1
LIN,databento-xnas,1
LITE,databento-xnas,1
LKQ,databento-xnas,1
LLY,databento-xnas;databento-xnys,2
LMT,databento-xnas;databento-xnys,2
LNC,databento-xnys,1
LNG,databento-xnas;databento-xnys,2
LNT,databento-xnas,1
LNTH,databento-xnas,1
LNW,databento-xnas,1
LOGI,databento-xnas,1
LOW,databento-xnas;databento-xnys,2
LPLA,databento-xnas,1
LPX,databento-xnys,1
LQD,databento-xnas;databento-xnys,2
LQDA,databento-xnas,1
LRCX,databento-xnas,1
LRN,databento-xnys,1
LSCC,databento-xnas,1
LSTR,databento-xnas,1
LTH,databento-xnys,1
LULU,databento-xnas,1
LUMN,databento-xnys,1
LUNR,databento-xnas,1
LUV,databento-xnys,1
LVS,databento-xnys,1
LW,databento-xnys,1
LYB,databento-xnas;databento-xnys,2
LYFT,databento-xnas,1
LYV,databento-xnas;databento-xnys,2
M,databento-xnys,1
MA,databento-xnas;databento-xnys,2
MAA,databento-xnys,1
MAC,databento-xnys,1
MAGS,databento-xnas,1
MANH,databento-xnas,1
MAR,databento-xnas,1
MARA,databento-xnas,1
MAS,databento-xnys,1
MASI,databento-xnas,1
MBB,databento-xnas,1
MCD,databento-xnas;databento-xnys,2
MCHP,databento-xnas,1
MCK,databento-xnas;databento-xnys,2
MCO,databento-xnas;databento-xnys,2
MDB,databento-xnas,1
MDGL,databento-xnas,1
MDLZ,databento-xnas,1
MDT,databento-xnas;databento-xnys,2
MDY,databento-xnas,1
MEDP,databento-xnas,1
MELI,databento-xnas,1
MET,databento-xnas;databento-xnys,2
META,databento-xnas,1
METU,databento-xnas,1
MFC,databento-xnys,1
MGM,databento-xnys,1
MGNI,databento-xnas,1
MGY,databento-xnys,1
MHK,databento-xnys,1
MIDD,databento-xnas,1
MIRM,databento-xnas,1
MKC,databento-xnys,1
MKL,databento-xnys,1
MKSI,databento-xnas,1
MKTX,databento-xnas,1
MLI,databento-xnys,1
MLM,databento-xnys,1
MMC,databento-xnas,1
MMM,databento-xnas;databento-xnys,2
MMP,databento-xnas,1
MMSI,databento-xnas,1
MNDY,databento-xnas,1
MNST,databento-xnas,1
MO,databento-xnas;databento-xnys,2
MOD,databento-xnys,1
MOG.A,databento-xnys,1
MOH,databento-xnys,1
MORF,databento-xnas,1
MORN,databento-xnas,1
MOS,databento-xnas;databento-xnys,2
MP,databento-xnas;databento-xnys,2
MPC,databento-xnas;databento-xnys,2
MPWR,databento-xnas,1
MRCY,databento-xnas,1
MRK,databento-xnas;databento-xnys,2
MRNA,databento-xnas,1
MRTX,databento-xnas,1
MRUS,databento-xnas,1
MRVL,databento-xnas,1
MS,databento-xnas;databento-xnys,2
MSCI,databento-xnas;databento-xnys,2
MSFT,databento-xnas,1
MSFU,databento-xnas,1
MSGS,databento-xnys,1
MSI,databento-xnas;databento-xnys,2
MSM,databento-xnys,1
MSTR,databento-xnas,1
MT,databento-xnas,1
MTB,databento-xnys,1
MTCH,databento-xnas,1
MTD,databento-xnas;databento-xnys,2
MTDR,databento-xnys,1
MTN,databento-xnys,1
MTRN,databento-xnys,1
MTSI,databento-xnas,1
MTUM,databento-xnas,1
MTZ,databento-xnas;databento-xnys,2
MU,databento-xnas,1
MUB,databento-xnas,1
MULL,databento-xnas,1
MUR,databento-xnys,1
MUSA,databento-xnys,1
MUU,databento-xnas,1
MVLL,databento-xnas,1
MXL,databento-xnas,1
MYRG,databento-xnas,1
NARI,databento-xnas,1
NATI,databento-xnas,1
NBIS,databento-xnas,1
NBIX,databento-xnas,1
NCLH,databento-xnys,1
NDAQ,databento-xnas,1
NDSN,databento-xnas,1
NE,databento-xnys,1
NEE,databento-xnas;databento-xnys,2
NEM,databento-xnas;databento-xnys,2
NESR,databento-xnas,1
NET,databento-xnas;databento-xnys,2
NEU,databento-xnys,1
NFLX,databento-xnas,1
NGD,databento-xnas,1
NI,databento-xnas;databento-xnys,2
NIO,databento-xnys,1
NKE,databento-xnas;databento-xnys,2
NLOK,databento-xnas,1
NLY,databento-xnys,1
NNN,databento-xnys,1
NOC,databento-xnas;databento-xnys,2
NOK,databento-xnas;databento-xnys,2
NOV,databento-xnys,1
NOVT,databento-xnas,1
NOW,databento-xnas;databento-xnys,2
NRG,databento-xnas;databento-xnys,2
NSC,databento-xnas;databento-xnys,2
NTAP,databento-xnas,1
NTES,databento-xnas,1
NTNX,databento-xnas,1
NTR,databento-xnas;databento-xnys,2
NTRA,databento-xnas,1
NTRS,databento-xnas,1
NU,databento-xnas;databento-xnys,2
NUE,databento-xnas;databento-xnys,2
NUVA,databento-xnas,1
NUVL,databento-xnas,1
NVDA,databento-xnas,1
NVDL,databento-xnas,1
NVDX,databento-xnas,1
NVMI,databento-xnas,1
NVO,databento-xnas;databento-xnys,2
NVR,databento-xnys,1
NVS,databento-xnas;databento-xnys,2
NVST,databento-xnys,1
NVT,databento-xnas;databento-xnys,2
NVTS,databento-xnas,1
NWSA,databento-xnas,1
NXPI,databento-xnas,1
NXST,databento-xnas,1
NXT,databento-xnas,1
NYT,databento-xnys,1
O,databento-xnas;databento-xnys,2
OC,databento-xnys,1
OCTO,databento-xnas,1
ODFL,databento-xnas,1
OGE,databento-xnys,1
OHI,databento-xnys,1
OKE,databento-xnas;databento-xnys,2
OKLO,databento-xnas;databento-xnys,2
OKTA,databento-xnas,1
OLED,databento-xnas,1
OLLI,databento-xnas,1
OMC,databento-xnys,1
OMF,databento-xnys,1
ON,databento-xnas,1
ONB,databento-xnas,1
ONC,databento-xnas,1
ONDS,databento-xnas,1
ONON,databento-xnas;databento-xnys,2
ONTO,databento-xnas;databento-xnys,2
OPEN,databento-xnas,1
ORA,databento-xnys,1
ORCL,databento-xnas;databento-xnys,2
ORKA,databento-xnas,1
ORLY,databento-xnas,1
OSCR,databento-xnys,1
OSK,databento-xnys,1
OTIS,databento-xnys,1
OUST,databento-xnas,1
OVV,databento-xnas;databento-xnys,2
OWL,databento-xnys,1
OXY,databento-xnas;databento-xnys,2
OZK,databento-xnas,1
PAAS,databento-xnas;databento-xnys,2
PAG,databento-xnys,1
PANW,databento-xnas,1
PARR,databento-xnys,1
PATH,databento-xnas;databento-xnys,2
PAYC,databento-xnys,1
PAYX,databento-xnas,1
PB,databento-xnys,1
PBF,databento-xnys,1
PBR,databento-xnas;databento-xnys,2
PBR.A,databento-xnys,1
PCAR,databento-xnas,1
PCG,databento-xnas;databento-xnys,2
PCH,databento-xnas,1
PCOR,databento-xnys,1
PCTY,databento-xnas,1
PCVX,databento-xnas,1
PDCE,databento-xnas,1
PDCO,databento-xnas,1
PDD,databento-xnas,1
PEG,databento-xnas;databento-xnys,2
PEGA,databento-xnas,1
PEN,databento-xnys,1
PENG,databento-xnas,1
PEP,databento-xnas,1
PFE,databento-xnas;databento-xnys,2
PFG,databento-xnas,1
PFGC,databento-xnys,1
PG,databento-xnas;databento-xnys,2
PGR,databento-xnas;databento-xnys,2
PH,databento-xnas;databento-xnys,2
PHM,databento-xnys,1
PHYS,databento-xnas,1
PI,databento-xnas,1
PINS,databento-xnas;databento-xnys,2
PJT,databento-xnys,1
PK,databento-xnys,1
PKG,databento-xnys,1
PL,databento-xnys,1
PLD,databento-xnas;databento-xnys,2
PLNT,databento-xnys,1
PLTR,databento-xnas,1
PLUG,databento-xnas,1
PLXS,databento-xnas,1
PM,databento-xnas;databento-xnys,2
PNC,databento-xnas;databento-xnys,2
PNFP,databento-xnys,1
PNR,databento-xnas;databento-xnys,2
PNW,databento-xnys,1
PODD,databento-xnas,1
POET,databento-xnas,1
POOL,databento-xnas,1
POR,databento-xnys,1
POST,databento-xnys,1
POWL,databento-xnas,1
PPBI,databento-xnas,1
PPG,databento-xnys,1
PPL,databento-xnas;databento-xnys,2
PR,databento-xnys,1
PRAX,databento-xnas,1
PRI,databento-xnys,1
PRIM,databento-xnys,1
PRMB,databento-xnys,1
PRU,databento-xnys,1
PSA,databento-xnys,1
PSKY,databento-xnas,1
PSLV,databento-xnas,1
PSX,databento-xnas;databento-xnys,2
PTC,databento-xnas,1
PTCT,databento-xnas,1
PTEN,databento-xnas,1
PTGX,databento-xnas,1
PVH,databento-xnys,1
PWR,databento-xnas;databento-xnys,2
PXD,databento-xnas,1
PYPL,databento-xnas,1
QBTS,databento-xnas,1
QCOM,databento-xnas,1
QGEN,databento-xnas;databento-xnys,2
QID,databento-xnas,1
QLD,databento-xnas,1
QLYS,databento-xnas,1
QMMM,databento-xnas,1
QQQ,databento-xnas,1
QQQI,databento-xnas,1
QQQM,databento-xnas,1
QRVO,databento-xnas,1
QSR,databento-xnys,1
QXO,databento-xnys,1
R,databento-xnys,1
RACE,databento-xnas;databento-xnys,2
RAL,databento-xnys,1
RAPT,databento-xnas,1
RBA,databento-xnas;databento-xnys,2
RBC,databento-xnys,1
RBLX,databento-xnas;databento-xnys,2
RBRK,databento-xnas;databento-xnys,2
RCAT,databento-xnas,1
RCL,databento-xnas;databento-xnys,2
RDDT,databento-xnas;databento-xnys,2
RDFN,databento-xnas,1
RDW,databento-xnys,1
REG,databento-xnas,1
REGN,databento-xnas,1
RELY,databento-xnas,1
RETA,databento-xnas,1
REXR,databento-xnys,1
RF,databento-xnys,1
RGA,databento-xnys,1
RGEN,databento-xnas,1
RGLD,databento-xnas,1
RGTI,databento-xnas,1
RH,databento-xnys,1
RHI,databento-xnys,1
RHP,databento-xnys,1
RIG,databento-xnys,1
RIO,databento-xnas;databento-xnys,2
RIOT,databento-xnas,1
RIVN,databento-xnas,1
RJF,databento-xnys,1
RKLB,databento-xnas,1
RKT,databento-xnas;databento-xnys,2
RL,databento-xnas;databento-xnys,2
RMBS,databento-xnas,1
RMD,databento-xnas;databento-xnys,2
RNG,databento-xnys,1
RNR,databento-xnys,1
ROAD,databento-xnas,1
ROIV,databento-xnas,1
ROK,databento-xnas;databento-xnys,2
ROKU,databento-xnas,1
ROL,databento-xnys,1
ROP,databento-xnas,1
ROST,databento-xnas,1
RPM,databento-xnys,1
RPRX,databento-xnas,1
RRC,databento-xnys,1
RRX,databento-xnas;databento-xnys,2
RS,databento-xnys,1
RSG,databento-xnas;databento-xnys,2
RSP,databento-xnas;databento-xnys,2
RTX,databento-xnas;databento-xnys,2
RUN,databento-xnas,1
RVMD,databento-xnas,1
RVTY,databento-xnas;databento-xnys,2
RXDX,databento-xnas,1
RY,databento-xnas;databento-xnys,2
RYAN,databento-xnys,1
RYN,databento-xnys,1
RYTM,databento-xnas,1
S,databento-xnys,1
SAIA,databento-xnas,1
SAIC,databento-xnas,1
SAIL,databento-xnas,1
SAN,databento-xnas;databento-xnys,2
SANM,databento-xnas,1
SAP,databento-xnas;databento-xnys,2
SARO,databento-xnys,1
SATS,databento-xnas,1
SBAC,databento-xnas,1
SBNY,databento-xnas,1
SBUX,databento-xnas,1
SCCO,databento-xnys,1
SCHD,databento-xnas,1
SCHW,databento-xnas;databento-xnys,2
SCI,databento-xnys,1
SE,databento-xnas;databento-xnys,2
SEDG,databento-xnas,1
SEI,databento-xnys,1
SEIC,databento-xnas,1
SEZL,databento-xnas,1
SF,databento-xnys,1
SFM,databento-xnas,1
SGEN,databento-xnas,1
SGI,databento-xnas;databento-xnys,2
SGOV,databento-xnas;databento-xnys,2
SHAK,databento-xnys,1
SHEL,databento-xnas;databento-xnys,2
SHOP,databento-xnas,1
SHW,databento-xnas;databento-xnys,2
SHY,databento-xnas,1
SIMO,databento-xnas,1
SIRI,databento-xnas,1
SITE,databento-xnys,1
SITM,databento-xnas,1
SIVB,databento-xnas,1
SJM,databento-xnys,1
SKX,databento-xnas,1
SKY,databento-xnys,1
SLB,databento-xnas;databento-xnys,2
SLNO,databento-xnas,1
SLS,databento-xnas,1
SLV,databento-xnas;databento-xnys,2
SM,databento-xnys,1
SMAR,databento-xnas,1
SMCI,databento-xnas,1
SMH,databento-xnas,1
SMMT,databento-xnas,1
SMR,databento-xnas;databento-xnys,2
SMTC,databento-xnas,1
SN,databento-xnas;databento-xnys,2
SNA,databento-xnys,1
SNAP,databento-xnys,1
SNDK,databento-xnas,1
SNEX,databento-xnas,1
SNOW,databento-xnas;databento-xnys,2
SNPS,databento-xnas,1
SNX,databento-xnys,1
SNY,databento-xnas,1
SO,databento-xnas;databento-xnys,2
SOFI,databento-xnas,1
SOLV,databento-xnys,1
SONY,databento-xnys,1
SOUN,databento-xnas,1
SOXL,databento-xnas;databento-xnys,2
SOXQ,databento-xnas,1
SOXS,databento-xnas;databento-xnys,2
SOXX,databento-xnas,1
SPCX,databento-xnas,1
SPDN,databento-xnas,1
SPG,databento-xnys,1
SPGI,databento-xnas;databento-xnys,2
SPHR,databento-xnys,1
SPIB,databento-xnas,1
SPLG,databento-xnas,1
SPLK,databento-xnas,1
SPLV,databento-xnas,1
SPMO,databento-xnas,1
SPOT,databento-xnas;databento-xnys,2
SPXC,databento-xnys,1
SPXL,databento-xnas,1
SPXS,databento-xnas,1
SPXU,databento-xnas,1
SPY,databento-xnas;databento-xnys,2
SPYG,databento-xnas,1
SPYM,databento-xnas,1
SQ,databento-xnas,1
SQM,databento-xnys,1
SQQQ,databento-xnas,1
SRE,databento-xnas;databento-xnys,2
SRM,databento-xnas,1
SRPT,databento-xnas,1
SSB,databento-xnys,1
SSNC,databento-xnas,1
SSO,databento-xnas,1
SSRM,databento-xnas,1
STAG,databento-xnys,1
STE,databento-xnys,1
STEP,databento-xnas,1
STLA,databento-xnys,1
STLD,databento-xnas,1
STM,databento-xnas;databento-xnys,2
STNE,databento-xnas,1
STRC,databento-xnas,1
STRL,databento-xnas,1
STT,databento-xnys,1
STWD,databento-xnys,1
STX,databento-xnas,1
STZ,databento-xnys,1
SU,databento-xnas;databento-xnys,2
SUI,databento-xnys,1
SW,databento-xnas;databento-xnys,2
SWAV,databento-xnas,1
SWK,databento-xnys,1
SWKS,databento-xnas,1
SWTX,databento-xnas,1
SYF,databento-xnas;databento-xnys,2
SYK,databento-xnas;databento-xnys,2
SYM,databento-xnas,1
SYNA,databento-xnas,1
SYRE,databento-xnas,1
SYY,databento-xnys,1
T,databento-xnas;databento-xnys,2
TAL,databento-xnys,1
TAP,databento-xnys,1
TCOM,databento-xnas,1
TD,databento-xnas;databento-xnys,2
TDC,databento-xnys,1
TDG,databento-xnas;databento-xnys,2
TDY,databento-xnys,1
TE,databento-xnys,1
TEAM,databento-xnas,1
TECH,databento-xnas,1
TECK,databento-xnas;databento-xnys,2
TEL,databento-xnas;databento-xnys,2
TEM,databento-xnas,1
TENB,databento-xnas,1
TER,databento-xnas,1
TERN,databento-xnas,1
TEVA,databento-xnys,1
TEX,databento-xnys,1
TFC,databento-xnas;databento-xnys,2
TFX,databento-xnys,1
TGT,databento-xnas;databento-xnys,2
TGTX,databento-xnas,1
THC,databento-xnys,1
THG,databento-xnys,1
TIGO,databento-xnas,1
TJX,databento-xnas;databento-xnys,2
TKO,databento-xnys,1
TKR,databento-xnys,1
TLN,databento-xnas,1
TLT,databento-xnas,1
TMDX,databento-xnas,1
TME,databento-xnys,1
TMHC,databento-xnas,1
TMO,databento-xnas;databento-xnys,2
TMUS,databento-xnas,1
TNA,databento-xnas,1
TOL,databento-xnys,1
TOST,databento-xnas;databento-xnys,2
TPG,databento-xnas,1
TPL,databento-xnys,1
TPR,databento-xnas;databento-xnys,2
TPX,databento-xnas,1
TQQQ,databento-xnas,1
TREX,databento-xnys,1
TRGP,databento-xnas;databento-xnys,2
TRI,databento-xnas,1
TRMB,databento-xnas,1
TROW,databento-xnas,1
TRP,databento-xnys,1
TRU,databento-xnys,1
TRV,databento-xnas;databento-xnys,2
TSCO,databento-xnas,1
TSEM,databento-xnas,1
TSLA,databento-xnas,1
TSLL,databento-xnas,1
TSLQ,databento-xnas,1
TSM,databento-xnas;databento-xnys,2
TSN,databento-xnys,1
TT,databento-xnas;databento-xnys,2
TTAN,databento-xnas,1
TTC,databento-xnys,1
TTD,databento-xnas,1
TTE,databento-xnas;databento-xnys,2
TTEK,databento-xnas,1
TTMI,databento-xnas,1
TTWO,databento-xnas,1
TVTX,databento-xnas,1
TW,databento-xnas,1
TWLO,databento-xnas;databento-xnys,2
TWNK,databento-xnas,1
TWST,databento-xnas,1
TWTR,databento-xnas,1
TXG,databento-xnas,1
TXN,databento-xnas,1
TXRH,databento-xnas,1
TXT,databento-xnys,1
TYL,databento-xnas;databento-xnys,2
U,databento-xnas;databento-xnys,2
UAL,databento-xnas,1
UBER,databento-xnas;databento-xnys,2
UBS,databento-xnas,1
UCTT,databento-xnas,1
UDR,databento-xnys,1
UGI,databento-xnys,1
UGL,databento-xnas,1
UHS,databento-xnys,1
UI,databento-xnys,1
UL,databento-xnas;databento-xnys,2
ULTA,databento-xnas,1
UMBF,databento-xnas,1
UMC,databento-xnas;databento-xnys,2
UNH,databento-xnas;databento-xnys,2
UNM,databento-xnys,1
UNP,databento-xnas;databento-xnys,2
UPRO,databento-xnas,1
UPS,databento-xnas;databento-xnys,2
UPST,databento-xnas,1
URBN,databento-xnas,1
URI,databento-xnas;databento-xnys,2
USAR,databento-xnas,1
USB,databento-xnas;databento-xnys,2
USFD,databento-xnys,1
USMV,databento-xnas,1
USO,databento-xnas,1
UTHR,databento-xnas,1
V,databento-xnas;databento-xnys,2
VAC,databento-xnys,1
VAL,databento-xnys,1
VALE,databento-xnas;databento-xnys,2
VBIL,databento-xnas,1
VBTX,databento-xnas,1
VCIT,databento-xnas,1
VCLT,databento-xnas,1
VCSH,databento-xnas,1
VCTR,databento-xnas,1
VEA,databento-xnas,1
VEEV,databento-xnas;databento-xnys,2
VERA,databento-xnas,1
VFC,databento-xnys,1
VG,databento-xnys,1
VGIT,databento-xnas,1
VGSH,databento-xnas,1
VIAV,databento-xnas,1
VICI,databento-xnys,1
VICR,databento-xnas,1
VIK,databento-xnas;databento-xnys,2
VIRT,databento-xnys,1
VLO,databento-xnas;databento-xnys,2
VLTO,databento-xnys,1
VLY,databento-xnas,1
VMC,databento-xnas;databento-xnys,2
VMI,databento-xnys,1
VNOM,databento-xnas,1
VNQ,databento-xnas,1
VOO,databento-xnas;databento-xnys,2
VOYA,databento-xnys,1
VRNA,databento-xnas,1
VRNS,databento-xnas,1
VRSK,databento-xnas,1
VRSN,databento-xnas,1
VRT,databento-xnas;databento-xnys,2
VRTX,databento-xnas,1
VSAT,databento-xnas,1
VSEC,databento-xnas,1
VSH,databento-xnys,1
VST,databento-xnas;databento-xnys,2
VT,databento-xnas,1
VTEB,databento-xnas,1
VTI,databento-xnas,1
VTR,databento-xnas;databento-xnys,2
VTRS,databento-xnas,1
VTV,databento-xnas,1
VTWO,databento-xnas,1
VUG,databento-xnas,1
VVV,databento-xnys,1
VWO,databento-xnas,1
VXUS,databento-xnas,1
VZ,databento-xnas;databento-xnys,2
W,databento-xnas;databento-xnys,2
WAB,databento-xnys,1
WAL,databento-xnys,1
WAT,databento-xnas;databento-xnys,2
WAY,databento-xnas,1
WBA,databento-xnas,1
WBD,databento-xnas,1
WBS,databento-xnas,1
WCC,databento-xnys,1
WCN,databento-xnys,1
WDAY,databento-xnas,1
WDC,databento-xnas,1
WEC,databento-xnys,1
WELL,databento-xnas;databento-xnys,2
WEX,databento-xnys,1
WFC,databento-xnas;databento-xnys,2
WFRD,databento-xnas,1
WH,databento-xnys,1
WHR,databento-xnys,1
WING,databento-xnas,1
WIRE,databento-xnas,1
WIX,databento-xnas,1
WK,databento-xnys,1
WLK,databento-xnys,1
WM,databento-xnas;databento-xnys,2
WMB,databento-xnas;databento-xnys,2
WMS,databento-xnys,1
WMT,databento-xnas,1
WOLF,databento-xnys,1
WPC,databento-xnys,1
WPM,databento-xnas;databento-xnys,2
WRB,databento-xnys,1
WRBY,databento-xnys,1
WSC,databento-xnas,1
WSM,databento-xnas;databento-xnys,2
WSO,databento-xnys,1
WST,databento-xnys,1
WTFC,databento-xnas,1
WTRG,databento-xnys,1
WTS,databento-xnys,1
WTW,databento-xnas,1
WULF,databento-xnas,1
WWD,databento-xnas,1
WY,databento-xnys,1
WYNN,databento-xnas,1
X,databento-xnas,1
XBI,databento-xnas;databento-xnys,2
XEL,databento-xnas,1
XHB,databento-xnas,1
XLB,databento-xnas,1
XLC,databento-xnas,1
XLE,databento-xnas;databento-xnys,2
XLF,databento-xnas;databento-xnys,2
XLI,databento-xnas,1
XLK,databento-xnas;databento-xnys,2
XLP,databento-xnas,1
XLRE,databento-xnas,1
XLU,databento-xnas,1
XLV,databento-xnas;databento-xnys,2
XLY,databento-xnas,1
XME,databento-xnas,1
XOM,databento-xnas;databento-xnys,2
XOP,databento-xnas,1
XP,databento-xnas,1
XPO,databento-xnys,1
XRT,databento-xnas,1
XYL,databento-xnys,1
XYZ,databento-xnas;databento-xnys,2
YETI,databento-xnys,1
YMM,databento-xnys,1
YOU,databento-xnys,1
YUM,databento-xnas;databento-xnys,2
YUMC,databento-xnys,1
Z,databento-xnas,1
ZBH,databento-xnys,1
ZBRA,databento-xnas,1
ZEN,databento-xnas,1
ZETA,databento-xnas;databento-xnys,2
ZION,databento-xnas,1
ZM,databento-xnas,1
ZS,databento-xnas,1
ZTS,databento-xnas;databento-xnys,2
